allele,peptide,measurement_inequality,measurement_value
HLA-B*15:01,AQMWSLMYF,=,0.33
HLA-A*33:01,DIDILQTNSR,=,314.0
HLA-B*38:01,QPKKAAAAL,>,20000.0
HLA-A*31:01,FLALGFFLR,=,43.0
HLA-B*07:02,RPQKRPSCI,=,7.819348
HLA-A*31:01,RIGGVLIFR,=,11.0
HLA-B*40:02,QEIRTFSFQL,=,68.0
HLA-A*02:12,LLLGGTSEI,=,5.0
HLA-A*03:01,ALNSVANRSK,=,15.6
HLA-A*11:01,TTAFFNTCK,=,0.492
HLA-B*44:02,KELYPLTSL,=,139.109425
HLA-B*07:02,IPFYGKAI,=,497.0
HLA-B*44:02,LERAADVKW,=,130.0
HLA-B*35:08,LPEVLPQGQLTAY,<,500.0
HLA-B*53:01,LPYSQPQPF,=,13.4
HLA-A*02:03,GLYIPGTSV,=,16.8
HLA-B*07:02,FPNEVGARI,=,66.0
HLA-C*05:01,YTDLTYQSF,<,1.0
HLA-A*32:15,YTKKYLLSF,=,234.9
HLA-B*15:01,KLYERNTAF,=,57.8
HLA-B*07:02,VPAMFTAAL,=,7.3
HLA-A*02:01,LLAGPPGV,<,500.0
HLA-A*31:01,MISRMLINR,=,4.37
HLA-A*03:01,KLYLPVQNK,<,100.0
HLA-A*02:01,FLPSDYFPKV,=,35.75715
HLA-A*02:02,NIYSALMTL,=,9.1
HLA-A*02:02,YLVKYQATV,=,22.7
HLA-A*02:01,ALIRILQQL,=,28.1
HLA-A*11:01,TTFVTPMLR,=,79.2
HLA-B*54:01,FPYIMGSVEL,=,155.0
HLA-B*27:05,GQLTKHTKF,<,500.0
HLA-A*02:03,MLAKYDHLV,=,1.0
HLA-B*44:03,TEMGRLPTF,=,24.0
HLA-A*02:06,LLGTFTWTL,=,55.2
HLA-A*80:01,LTDNGYLLY,=,12.4
HLA-B*44:02,KEAYCQEFLL,=,1260.0
HLA-A*31:01,KTNDINVRR,=,2.24
HLA-A*02:01,RLIQNSITI,=,84.0
HLA-A*03:01,KLPRMFLPK,=,32.29
HLA-A*03:01,ILARWSSFK,=,1.99
HLA-A*02:01,VLDDGIYRI,=,5.44
HLA-A*68:02,MTTEDMLTV,=,19.1
HLA-C*07:02,YRATYSMAL,=,80.0
HLA-A*02:02,KIDYYIPYV,=,47.0
HLA-A*02:03,FIMFMLIFNV,=,13.0
HLA-A*68:01,ETCVYNMMGK,=,19.1
HLA-A*02:01,LMMSSPPPI,=,12.3
HLA-B*57:01,RVMGITAEW,=,2.97
HLA-C*07:02,YSRPWNWTF,=,103.0
HLA-A*02:11,FLWDPAKRTSV,<,100.0
HLA-B*15:17,KSNRIPFLY,=,10.0
HLA-A*02:01,GLKALYETEL,=,1580.0
HLA-A*02:01,YVLNSQIAV,=,121.0
HLA-A*02:02,MTSTRTIILV,=,1982.5
HLA-B*15:03,RKYGCGNMF,=,1.25
HLA-A*31:01,IVYLIDCER,=,88.3
HLA-A*02:01,ILFPDDVQEL,=,1.1
HLA-A*32:07,SYMSTFPLF,=,0.5
HLA-A*02:01,LLGCPVPLGV,<,500.0
HLA-B*15:17,RSLYNTVAVLY,=,11.8
HLA-A*02:02,KILSVLAPL,=,22.817769
HLA-A*24:02,VFLNLHTLKF,<,100.0
HLA-B*15:17,RSLFNTVATLY,=,2.9
HLA-A*02:02,SISGVLWTV,=,8.8
HLA-B*44:03,TEEIAVQNW,=,36.8
HLA-A*33:01,SIFAGHLKCR,=,116.0
HLA-A*68:02,AIAACAMLLV,=,1429.5
HLA-B*40:01,IEETNMITL,=,11.9
HLA-A*02:01,VLCGIAWYV,=,7.9
HLA-B*57:01,MGITAEWLW,=,8.74
HLA-A*02:03,ALLENIHRV,=,2.0
HLA-B*18:01,LELTPLVGL,<,500.0
HLA-C*14:02,YVRTNGASY,=,353.0
HLA-A*24:03,MYMALIAAF,=,8.75
HLA-B*07:02,VPAPHGVAL,=,16.0
HLA-B*15:03,RMLFKSKAY,<,100.0
HLA-A*68:01,VTFKVPHAKR,=,21.5
HLA-C*07:02,YYKDDISYF,=,29.0
HLA-A*24:02,TYLALIATF,=,6.81
HLA-B*53:01,YPMSIPATLF,=,2.3
HLA-A*02:01,FQLIFFLTL,=,352.5
HLA-A*68:01,DVSLSAYIIR,=,240.0
HLA-B*27:05,IRQGLELTL,=,61.291578
HLA-A*02:03,ALVSGTATA,=,8.1
HLA-A*02:01,FLHESDPMV,=,1.7
HLA-A*03:01,KTSKTTILSK,=,44.4
HLA-B*58:01,VSSAVPTSW,=,4.0
HLA-A*11:01,TSIFAGHLK,=,39.1
HLA-A*02:06,KIMEIVSHL,=,29.85
HLA-A*68:01,VAFELWAKR,=,23.4
HLA-B*51:01,VAWRTATLI,=,137.0
HLA-A*02:01,FLAHLQWFA,=,0.1005
HLA-A*01:01,SQSDTVFDY,=,1971.3333333333333
HLA-A*30:01,RTRFFCIPK,=,1.37
HLA-A*02:17,LLMRTTWAL,=,4.89
HLA-A*30:01,KAFNHASVK,=,34.7
HLA-A*02:01,WMMAMKYPI,=,54.0
HLA-A*02:03,FLMGFNRDV,=,1.0
HLA-A*02:01,LLSTTEWQV,=,67.0
HLA-A*02:02,VLKEGSEYRV,=,7.87
